{
  "type": "logreg",
  "W": [
    [
      0.0,
      -0.3624281807176864,
      0.0,
      -8.116105463250657
    ]
  ],
  "B": [
    0.09847819279581313
  ],
  "scaler_mean": [
    30.0,
    25.0,
    60.0,
    5.0
  ],
  "scaler_scale": [
    20.0,
    7.0,
    15.0,
    7.0
  ],
  "features": [
    "soil_pct",
    "temp_c",
    "rh_pct",
    "chuva_mm_24h"
  ],
  "threshold_chuva_mm": 5.0,
  "forecast": {
    "t0_epoch": 1754697600,
    "step_min": 1440,
    "len": 7
  }
}